filename,channel_id,bias_voltage_V,frequency_hz,actual_fft_freq_hz,conductance_S,susceptance_S,impedance_real_Ohm,impedance_imag_Ohm,V_re_fft,V_im_fft,I_re_fft,I_im_fft,num_averaged
test_0v0_FAKEDATA.npz,10,0.000000e+00,1.000000e+01,1.000000e+01,-1.726075e-09,-1.373567e-07,-1.196285e-02,9.320790e-01,1.200000e-04,0.000000e+00,-2.071290e-13,-1.648280e-11,1
test_0v0_FAKEDATA.npz,10,0.000000e+00,1.000000e+02,1.000000e+02,-1.699510e-08,-1.352427e-07,-1.173785e-01,9.320790e-01,1.200000e-04,0.000000e+00,-2.039412e-12,-1.622913e-11,1
test_0v0_FAKEDATA.npz,10,0.000000e+00,2.000000e+02,2.000000e+02,-3.247562e-08,-1.292164e-07,-2.345070e-01,9.320790e-01,1.200000e-04,0.000000e+00,-3.897074e-12,-1.550597e-11,1
test_0v0_FAKEDATA.npz,10,0.000000e+00,3.000000e+02,3.000000e+02,-4.534579e-08,-1.202834e-07,-3.516355e-01,9.320790e-01,1.200000e-04,0.000000e+00,-5.441494e-12,-1.443401e-11,1
test_0v0_FAKEDATA.npz,10,0.000000e+00,4.000000e+02,4.000000e+02,-5.512574e-08,-1.096692e-07,-4.687640e-01,9.320790e-01,1.200000e-04,0.000000e+00,-6.615089e-12,-1.316030e-11,1
test_0v0_FAKEDATA.npz,10,0.000000e+00,5.000000e+02,5.000000e+02,-6.188584e-08,-9.849437e-08,-5.858925e-01,9.320790e-01,1.200000e-04,0.000000e+00,-7.426301e-12,-1.181932e-11,1
test_0v0_FAKEDATA.npz,10,0.000000e+00,6.000000e+02,6.000000e+02,-6.603862e-08,-8.758645e-08,-7.030210e-01,9.320790e-01,1.200000e-04,0.000000e+00,-7.924635e-12,-1.051037e-11,1
test_0v0_FAKEDATA.npz,10,0.000000e+00,7.000000e+02,7.000000e+02,-6.812826e-08,-7.744964e-08,-8.201495e-01,9.320790e-01,1.200000e-04,0.000000e+00,-8.175392e-12,-9.293957e-12,1
test_0v0_FAKEDATA.npz,10,0.000000e+00,8.000000e+02,8.000000e+02,-6.868823e-08,-6.832545e-08,-9.372780e-01,9.320790e-01,1.200000e-04,0.000000e+00,-8.242588e-12,-8.199054e-12,1
test_0v0_FAKEDATA.npz,10,0.000000e+00,9.000000e+02,9.000000e+02,-6.817220e-08,-6.027746e-08,-1.054406e+00,9.320790e-01,1.200000e-04,0.000000e+00,-8.180664e-12,-7.233295e-12,1
test_0v0_FAKEDATA.npz,10,0.000000e+00,1.000000e+03,1.000000e+03,-6.693510e-08,-5.326526e-08,-1.171535e+00,9.320790e-01,1.200000e-04,0.000000e+00,-8.032212e-12,-6.391832e-12,1
test_0v0_FAKEDATA.npz,10,0.000000e+00,1.100000e+03,1.100000e+03,-6.524020e-08,-4.719682e-08,-1.288663e+00,9.320790e-01,1.200000e-04,0.000000e+00,-7.828824e-12,-5.663618e-12,1
test_0v0_FAKEDATA.npz,10,0.000000e+00,1.200000e+03,1.200000e+03,-6.327565e-08,-4.196097e-08,-1.405792e+00,9.320790e-01,1.200000e-04,0.000000e+00,-7.593078e-12,-5.035316e-12,1
test_0v0_FAKEDATA.npz,10,0.000000e+00,1.300000e+03,1.300000e+03,-6.117227e-08,-3.744565e-08,-1.522920e+00,9.320790e-01,1.200000e-04,0.000000e+00,-7.340672e-12,-4.493478e-12,1
test_0v0_FAKEDATA.npz,10,0.000000e+00,1.400000e+03,1.400000e+03,-5.901888e-08,-3.354695e-08,-1.640049e+00,9.320790e-01,1.200000e-04,0.000000e+00,-7.082266e-12,-4.025634e-12,1
test_0v0_FAKEDATA.npz,10,0.000000e+00,1.500000e+03,1.500000e+03,-5.687435e-08,-3.017278e-08,-1.757177e+00,9.320790e-01,1.200000e-04,0.000000e+00,-6.824922e-12,-3.620733e-12,1
test_0v0_FAKEDATA.npz,10,0.000000e+00,1.600000e+03,1.600000e+03,-5.477654e-08,-2.724362e-08,-1.874306e+00,9.320790e-01,1.200000e-04,0.000000e+00,-6.573185e-12,-3.269234e-12,1
test_0v0_FAKEDATA.npz,10,0.000000e+00,1.700000e+03,1.700000e+03,-5.274887e-08,-2.469189e-08,-1.991434e+00,9.320790e-01,1.200000e-04,0.000000e+00,-6.329864e-12,-2.963027e-12,1
test_0v0_FAKEDATA.npz,10,0.000000e+00,1.800000e+03,1.800000e+03,-5.080480e-08,-2.246065e-08,-2.108563e+00,9.320790e-01,1.200000e-04,0.000000e+00,-6.096576e-12,-2.695278e-12,1
test_0v0_FAKEDATA.npz,10,0.000000e+00,2.000000e+03,2.000000e+03,-4.719024e-08,-1.877640e-08,-2.342820e+00,9.320790e-01,1.200000e-04,0.000000e+00,-5.662828e-12,-2.253168e-12,1
test_0v0_FAKEDATA.npz,10,0.000000e+00,2.100000e+03,2.100000e+03,-4.552152e-08,-1.724994e-08,-2.459948e+00,9.320790e-01,1.200000e-04,0.000000e+00,-5.462582e-12,-2.069993e-12,1
test_0v0_FAKEDATA.npz,10,0.000000e+00,2.300000e+03,2.300000e+03,-4.244982e-08,-1.468717e-08,-2.694205e+00,9.320790e-01,1.200000e-04,0.000000e+00,-5.093978e-12,-1.762460e-12,1
test_0v0_FAKEDATA.npz,10,0.000000e+00,2.400000e+03,2.400000e+03,-4.103908e-08,-1.360744e-08,-2.811334e+00,9.320790e-01,1.200000e-04,0.000000e+00,-4.924690e-12,-1.632893e-12,1
test_0v0_FAKEDATA.npz,10,0.000000e+00,2.600000e+03,2.600000e+03,-3.844555e-08,-1.176692e-08,-3.045591e+00,9.320790e-01,1.200000e-04,0.000000e+00,-4.613466e-12,-1.412031e-12,1
test_0v0_FAKEDATA.npz,10,0.000000e+00,2.800000e+03,2.800000e+03,-3.612569e-08,-1.026711e-08,-3.279848e+00,9.320790e-01,1.200000e-04,0.000000e+00,-4.335083e-12,-1.232053e-12,1
test_0v0_FAKEDATA.npz,10,0.000000e+00,3.000000e+03,3.000000e+03,-3.404526e-08,-9.030786e-09,-3.514105e+00,9.320790e-01,1.200000e-04,0.000000e+00,-4.085431e-12,-1.083694e-12,1
test_0v0_FAKEDATA.npz,10,0.000000e+00,3.200000e+03,3.200000e+03,-3.217354e-08,-8.000904e-09,-3.748362e+00,9.320790e-01,1.200000e-04,0.000000e+00,-3.860825e-12,-9.601084e-13,1
test_0v0_FAKEDATA.npz,10,0.000000e+00,3.500000e+03,3.500000e+03,-2.969962e-08,-6.752631e-09,-4.099747e+00,9.320790e-01,1.200000e-04,0.000000e+00,-3.563955e-12,-8.103157e-13,1
test_0v0_FAKEDATA.npz,10,0.000000e+00,3.700000e+03,3.700000e+03,-2.824025e-08,-6.073750e-09,-4.334004e+00,9.320790e-01,1.200000e-04,0.000000e+00,-3.388830e-12,-7.288500e-13,1
test_0v0_FAKEDATA.npz,10,0.000000e+00,4.000000e+03,4.000000e+03,-2.629004e-08,-5.230237e-09,-4.685390e+00,9.320790e-01,1.200000e-04,0.000000e+00,-3.154805e-12,-6.276285e-13,1
test_0v0_FAKEDATA.npz,10,0.000000e+00,4.300000e+03,4.300000e+03,-2.458188e-08,-4.549219e-09,-5.036775e+00,9.320790e-01,1.200000e-04,0.000000e+00,-2.949826e-12,-5.459063e-13,1
test_0v0_FAKEDATA.npz,10,0.000000e+00,4.600000e+03,4.600000e+03,-2.307514e-08,-3.991872e-09,-5.388161e+00,9.320790e-01,1.200000e-04,0.000000e+00,-2.769016e-12,-4.790246e-13,1
test_0v0_FAKEDATA.npz,10,0.000000e+00,4.900000e+03,4.900000e+03,-2.173735e-08,-3.530210e-09,-5.739546e+00,9.320790e-01,1.200000e-04,0.000000e+00,-2.608482e-12,-4.236253e-13,1
test_0v0_FAKEDATA.npz,10,0.000000e+00,5.300000e+03,5.300000e+03,-2.017208e-08,-3.028761e-09,-6.208060e+00,9.320790e-01,1.200000e-04,0.000000e+00,-2.420650e-12,-3.634513e-13,1
test_0v0_FAKEDATA.npz,10,0.000000e+00,5.700000e+03,5.700000e+03,-1.881267e-08,-2.626429e-09,-6.676574e+00,9.320790e-01,1.200000e-04,0.000000e+00,-2.257520e-12,-3.151715e-13,1
test_0v0_FAKEDATA.npz,10,0.000000e+00,6.100000e+03,6.100000e+03,-1.762178e-08,-2.298848e-09,-7.145088e+00,9.320790e-01,1.200000e-04,0.000000e+00,-2.114614e-12,-2.758617e-13,1
test_0v0_FAKEDATA.npz,10,0.000000e+00,6.500000e+03,6.500000e+03,-1.657044e-08,-2.028668e-09,-7.613602e+00,9.320790e-01,1.200000e-04,0.000000e+00,-1.988453e-12,-2.434401e-13,1
test_0v0_FAKEDATA.npz,10,0.000000e+00,7.000000e+03,7.000000e+03,-1.541821e-08,-1.752774e-09,-8.199245e+00,9.320790e-01,1.200000e-04,0.000000e+00,-1.850185e-12,-2.103329e-13,1
test_0v0_FAKEDATA.npz,10,0.000000e+00,7.500000e+03,7.500000e+03,-1.441403e-08,-1.529376e-09,-8.784887e+00,9.320790e-01,1.200000e-04,0.000000e+00,-1.729683e-12,-1.835251e-13,1
test_0v0_FAKEDATA.npz,10,0.000000e+00,8.100000e+03,8.100000e+03,-1.336755e-08,-1.313279e-09,-9.487658e+00,9.320790e-01,1.200000e-04,0.000000e+00,-1.604106e-12,-1.575935e-13,1
test_0v0_FAKEDATA.npz,10,0.000000e+00,8.600000e+03,8.600000e+03,-1.260397e-08,-1.166270e-09,-1.007330e+01,9.320790e-01,1.200000e-04,0.000000e+00,-1.512477e-12,-1.399524e-13,1
test_0v0_FAKEDATA.npz,10,0.000000e+00,9.300000e+03,9.300000e+03,-1.166964e-08,-9.985380e-10,-1.089320e+01,9.320790e-01,1.200000e-04,0.000000e+00,-1.400357e-12,-1.198246e-13,1
test_0v0_FAKEDATA.npz,10,0.000000e+00,1.000000e+04,1.000000e+04,-1.086343e-08,-8.644844e-10,-1.171310e+01,9.320790e-01,1.200000e-04,0.000000e+00,-1.303612e-12,-1.037381e-13,1
test_0v0_FAKEDATA.npz,10,0.000000e+00,1.070000e+04,1.070000e+04,-1.016083e-08,-7.556760e-10,-1.253300e+01,9.320790e-01,1.200000e-04,0.000000e+00,-1.219300e-12,-9.068112e-14,1
test_0v0_FAKEDATA.npz,10,0.000000e+00,1.140000e+04,1.140000e+04,-9.543170e-09,-6.661591e-10,,,1.200000e-04,0.000000e+00,-1.145180e-12,-7.993909e-14,1
test_0v0_FAKEDATA.npz,10,0.000000e+00,1.230000e+04,1.230000e+04,-8.850941e-09,-5.726305e-10,,,1.200000e-04,0.000000e+00,-1.062113e-12,-6.871566e-14,1
test_0v0_FAKEDATA.npz,10,0.000000e+00,1.320000e+04,1.320000e+04,-8.251998e-09,-4.974796e-10,,,1.200000e-04,0.000000e+00,-9.902397e-13,-5.969756e-14,1
test_0v0_FAKEDATA.npz,10,0.000000e+00,1.410000e+04,1.410000e+04,-7.728733e-09,-4.361937e-10,,,1.200000e-04,0.000000e+00,-9.274480e-13,-5.234324e-14,1
test_0v0_FAKEDATA.npz,10,0.000000e+00,1.510000e+04,1.510000e+04,-7.219833e-09,-3.804874e-10,,,1.200000e-04,0.000000e+00,-8.663799e-13,-4.565849e-14,1
test_0v0_FAKEDATA.npz,10,0.000000e+00,1.620000e+04,1.620000e+04,-6.732043e-09,-3.306907e-10,,,1.200000e-04,0.000000e+00,-8.078452e-13,-3.968289e-14,1
test_0v0_FAKEDATA.npz,10,0.000000e+00,1.740000e+04,1.740000e+04,-6.269774e-09,-2.867430e-10,,,1.200000e-04,0.000000e+00,-7.523729e-13,-3.440916e-14,1
test_0v0_FAKEDATA.npz,10,0.000000e+00,1.870000e+04,1.870000e+04,-5.835542e-09,-2.483303e-10,,,1.200000e-04,0.000000e+00,-7.002651e-13,-2.979964e-14,1
test_0v0_FAKEDATA.npz,10,0.000000e+00,2.000000e+04,2.000000e+04,-5.457473e-09,-2.171459e-10,,,1.200000e-04,0.000000e+00,-6.548967e-13,-2.605751e-14,1
test_0v0_FAKEDATA.npz,10,0.000000e+00,2.150000e+04,2.150000e+04,-5.077800e-09,-1.879435e-10,,,1.200000e-04,0.000000e+00,-6.093360e-13,-2.255322e-14,1
test_0v0_FAKEDATA.npz,10,0.000000e+00,2.310000e+04,2.310000e+04,-4.726955e-09,-1.628395e-10,,,1.200000e-04,0.000000e+00,-5.672346e-13,-1.954074e-14,1
test_0v0_FAKEDATA.npz,10,0.000000e+00,2.470000e+04,2.470000e+04,-4.421413e-09,-1.424473e-10,,,1.200000e-04,0.000000e+00,-5.305695e-13,-1.709368e-14,1
test_0v0_FAKEDATA.npz,10,0.000000e+00,2.650000e+04,2.650000e+04,-4.121651e-09,-1.237700e-10,,,1.200000e-04,0.000000e+00,-4.945982e-13,-1.485240e-14,1
test_0v0_FAKEDATA.npz,10,0.000000e+00,2.840000e+04,2.840000e+04,-3.846355e-09,-1.077758e-10,,,1.200000e-04,0.000000e+00,-4.615626e-13,-1.293309e-14,1
test_0v0_FAKEDATA.npz,10,0.000000e+00,3.050000e+04,3.050000e+04,-3.581898e-09,-9.345520e-11,,,1.200000e-04,0.000000e+00,-4.298277e-13,-1.121462e-14,1
test_0v0_FAKEDATA.npz,10,0.000000e+00,3.270000e+04,3.270000e+04,-3.341209e-09,-8.131040e-11,,,1.200000e-04,0.000000e+00,-4.009451e-13,-9.757248e-15,1
test_0v0_FAKEDATA.npz,10,0.000000e+00,3.510000e+04,3.510000e+04,-3.112994e-09,-7.057669e-11,,,1.200000e-04,0.000000e+00,-3.735593e-13,-8.469203e-15,1
test_0v0_FAKEDATA.npz,10,0.000000e+00,3.760000e+04,3.760000e+04,-2.906205e-09,-6.150756e-11,,,1.200000e-04,0.000000e+00,-3.487446e-13,-7.380908e-15,1
test_0v0_FAKEDATA.npz,10,0.000000e+00,4.030000e+04,4.030000e+04,-2.711654e-09,-5.354505e-11,,,1.200000e-04,0.000000e+00,-3.253984e-13,-6.425406e-15,1
test_0v0_FAKEDATA.npz,10,0.000000e+00,4.320000e+04,4.320000e+04,-2.529749e-09,-4.659978e-11,,,1.200000e-04,0.000000e+00,-3.035699e-13,-5.591974e-15,1
test_0v0_FAKEDATA.npz,10,0.000000e+00,4.640000e+04,4.640000e+04,-2.355390e-09,-4.039569e-11,,,1.200000e-04,0.000000e+00,-2.826468e-13,-4.847483e-15,1
test_0v0_FAKEDATA.npz,10,0.000000e+00,4.970000e+04,4.970000e+04,-2.199079e-09,-3.521070e-11,,,1.200000e-04,0.000000e+00,-2.638895e-13,-4.225283e-15,1
test_0v0_FAKEDATA.npz,10,0.000000e+00,5.330000e+04,5.330000e+04,-2.050617e-09,-3.061593e-11,,,1.200000e-04,0.000000e+00,-2.460740e-13,-3.673912e-15,1
test_0v0_FAKEDATA.npz,10,0.000000e+00,5.720000e+04,5.720000e+04,-1.910858e-09,-2.658414e-11,,,1.200000e-04,0.000000e+00,-2.293030e-13,-3.190097e-15,1
test_0v0_FAKEDATA.npz,10,0.000000e+00,6.130000e+04,6.130000e+04,-1.783097e-09,-2.314753e-11,,,1.200000e-04,0.000000e+00,-2.139716e-13,-2.777703e-15,1
